Lambda0,amplitude2,time-scale2,amplitude22,time-scale22,time-scale3
2.0569583250209154,0.21348915757602507,12.310814215752952,0.3189727580027996,65.6482109216953,1.3371584037176287
2.061380859386975,0.08990058942247185,10.266671327000758,0.3518175523853501,104.19256205301078,0.8241170162685425
1.1442691759144428,0.18947700740098133,8.440831199697787,0.2091805119109315,79.3112494650935,1.1837784013421446
1.105620136444446,0.1203574941618063,13.003169756985786,0.21767377511581276,84.246288287449,1.2597268789601497
1.1736851829502364,0.14028234988012722,13.362395576333515,0.21266174428669857,78.3172743393971,1.2356588372348183
0.8863161848216189,0.22672626188465408,13.187420030532376,0.03351837425174583,95.46684451817808,0.6404378918820938
2.072155219021944,0.4098451157597954,12.743855072986285,0.03410810442733527,80.78058446550736,1.0485575238176306
3.1982279429635634,0.19233216902531075,16.983025862491655,0.45846999173320796,90.27362523862847,0.9851930700772841
2.6053559298137867,0.10620932149203759,11.692659712941651,0.42236692047582775,44.99782370736682,0.9174308147862309
2.14386014896191,0.07048588603845002,17.268023287161295,0.3578571647767938,41.169247775644386,0.6671861558173311
1.463668469287213,0.12490660053036638,16.2859623470264,0.4132999838047602,39.04265057973583,0.650518698105228
2.413177974716089,0.11212349351797558,7.387009935555339,0.2701845040673068,57.616487152852976,0.5802872535688813
1.9087139461042926,0.18139963518999438,20.206658959667987,0.31177642627467267,76.59475640125542,0.6407013285264337
0.7747311248904144,0.32503673763450236,12.62677679126956,0.14691659521365125,102.61429894130005,0.728546833304047
1.1479735372706463,0.12956243472271298,16.97970716184026,0.1305276790720337,72.71383738379197,0.5418743942847911
0.8400693109879706,0.008496479806972391,9.307124845811416,0.290495717176658,78.54096618673661,0.581590182783258
0.638468234077861,0.0541945443598709,4.713272615146211,0.2460578742874963,86.29186314716823,0.7173798029438674
2.2393315264834985,0.17353523406018956,6.921274120014863,0.09710385035869418,98.01100229631253,0.6346461305487541
1.3956315849357632,0.1786271899260281,14.84760132209748,0.0802636943346089,94.38320910101177,0.6325936051921348
1.4152394711092395,0.19467484347190225,13.457369438149021,0.07933757715510056,95.60119314199841,0.6614757483295864
2.1405431851994643,0.23020973405879952,13.925555788774084,0.01079456991732805,82.81774139454119,0.5700071379585533
1.7441092516130499,0.14440526462919162,16.549786272050973,0.008519038300264063,73.46581784989219,0.5362765485684471
1.1287740494066196,0.005341086272175259,10.458225273666576,0.546018507332771,95.55542786106638,1.1572122668861544
0.5465000247706654,0.13374935795321255,10.27244008092095,1.0391672171926087,71.23262845177072,1.1199261827070248
0.6661922518299592,0.06357818786439348,10.781994467265179,1.0640558033853025,67.3617561000013,0.899530493693169
0.7384506008422523,0.042075466536692,10.251387275264085,0.9114019562735483,64.63754680680081,0.9899526015237785
0.6271042099675721,0.1495418158529482,14.959282247438447,0.6207940571392039,82.03061900652666,0.40449520095766034
1.136747306761374,0.01086690889639279,9.180142796276897,0.22951722916709405,69.0897177884579,0.8320267975583457
1.9007071075549211,0.12044014474766117,17.821606195163515,0.3589441759147999,102.19153859160973,0.4609050399607785
1.2286199911746107,0.04862993905759101,8.228966259389214,0.257459006580397,84.37753069953497,0.670199295527887
0.9210913460040232,0.08395759534513204,12.206233595007768,0.3430545080288346,65.63424838617387,0.8033537000643594
2.9281911422459754,0.22011062147600208,10.116017858814681,0.10742422526729907,103.18897940220752,0.6573758891016768
1.4186513899461173,0.2554268947432487,10.993060454489056,0.09819778203978682,60.07723734692874,0.6155499197389943
0.9449928980220688,0.12808031892546293,15.027464348303301,0.2459364237947784,108.76406873019009,0.6306127864821538
1.5790237831172513,0.22980453674965653,14.99428992386147,0.289641592328436,108.23533640935983,0.5701313134989502
1.1184891022632975,0.06449012383892012,18.228362437816255,0.43355990044479104,58.44152303055038,0.48902927761097215
1.8339816190734617,0.1557083657835242,13.35097444619645,0.6384615744709567,110.77580325888525,0.7480172820524777
0.6565056566767461,0.05785193026840001,15.231805471700559,0.47638262431543404,58.637055173448964,0.9569840781669883
2.296854748218922,0.04675701345503177,13.240499007053309,1.3665578692302873,94.58995648567878,0.7446885149214253
1.8820696214079358,0.05575736256073418,5.530171241079015,0.20215894142658125,79.44899119635261,0.6144507710937261
1.0645252994272558,0.20695199364094533,14.745949324804291,0.525716603040563,96.20138175199843,0.7838688693904248
2.2185541887364453,0.1275920508210324,15.373729328948226,0.3487588498927058,84.75644340194934,0.6429390661996341
0.7854456990882943,0.28944889686362785,12.043543912539624,0.6372827930284761,70.54677980644341,0.5545695597806252
1.1023023286065787,0.1327179209628655,7.151753005782334,0.6021835990920724,76.54459726950388,0.9713454913606606
2.4296931754844566,0.03660615170690067,4.9835485455743775,0.4872998203233561,95.26191952728101,0.6259922674819426
0.8224409219698645,0.060265579206864615,19.910208747186385,1.0587309879295501,74.42402194453376,0.4783719661278509
2.1842311031398314,0.13986855753795235,7.107290963034372,0.8398053027360529,80.62894403280201,0.679454515670397
1.8454213499925864,0.11424186402233952,5.248966172394959,0.8245069947344179,81.93126440441469,0.648859820301951
2.2094656013179734,0.03311721036558349,11.838158896802872,0.6640087338822971,60.80103361242851,0.6171349285224089
1.0624594376407321,0.08087664237551112,12.313090374656872,1.093800709595861,85.55610982173937,0.4612615212717123
1.428920969302142,0.08386756820421908,13.648697602752616,1.0737159804811645,75.76462683230773,0.6052351279151071
1.5641155073027222,0.07750976669843272,12.3253208952216,1.2957571754787045,74.13665682830258,0.628340208472269
2.177038588318681,0.03862168112805894,7.040307460786717,0.5170393940056759,99.90613225419649,0.7729147183538666
1.174442559576767,0.0531650943603079,11.59508850745068,0.307248235885705,89.16872047612696,0.6502721480564121
1.313209701930081,0.19173041081021938,16.49442539092296,0.22010787879448857,95.36851558261421,0.6532023274042329
1.7170980331780417,0.17997198599619627,9.035207894277528,0.22822147326956316,68.25999301863428,1.0069949230459883
0.4933897464852438,0.028855267248037327,14.700951420329563,0.25720873123496063,96.3592971452312,0.7715001589294498
0.46101932729479606,0.009801016858102743,13.927676485904918,0.2867391874504259,100.8346452391369,0.8882547014667641
0.4015921618988605,0.06354511004291631,8.030420992985333,0.08999865303610391,75.62664353336926,0.9288509905053003
3.4754708868930235,0.22289378155283035,14.206328062520733,0.05576187044328059,78.08556621834957,0.7238593716636634
1.9279222534854585,0.46709400204329277,13.492333479908288,0.12200907014994729,97.66392930618662,0.6464242528080555
1.6060356998529624,0.29747134759895905,11.522359147919031,0.3145237029580408,85.84131611356356,0.5905417936721661
2.2080222771417,0.07252055425861359,11.999440619177141,0.526871197286363,69.46864695810163,0.8192087046819001
1.2169292418831024,0.35345463327206844,13.877901644845213,1.1620655758599248,90.18062356744724,0.5562900153248391
0.9182838181198031,0.30609723275243,10.456099254862545,1.238513087498564,92.25006548016442,0.6038126799235337
0.8964414711549247,0.3119118505306703,9.74241591561667,1.5502420806656445,87.96845656293948,0.6172901929421855
1.5625294827610225,0.21239288241766047,11.581578807985208,0.9137242140642859,74.51274213641057,0.6985017276159908
1.7927675167664043,0.054444195895685187,18.01784208371029,0.7107262113949057,67.36632813672513,0.7337977539234176
1.963886262904716,0.279863080771438,9.627280164148535,0.6673485583271184,97.50136082418638,0.5193247492755745
1.8336448358191346,0.12578583018083114,23.811635694029558,0.43447243112118233,78.58652621078646,0.4900803185836199
1.698541492354222,0.08554982499054377,14.472404493448824,0.5804022326993289,81.50140436429737,0.6095154672155083
1.4754090271610414,0.1373091159534678,6.565782197018443,0.8524039623176348,77.32108197046819,0.622377898281449
1.8205928225156691,0.07352536355730692,17.79320919592622,0.7563903700127378,78.13601350826559,0.5995000005760398
1.2210429308478092,0.17964003246022975,9.366972124679254,1.074879452926278,93.72839210428883,0.6063901769106929
1.6226869089314973,0.3136485912930688,15.52618749360639,0.7396449610527174,84.55144029032992,0.6240721337040912
0.7425303907218265,0.305640585107337,14.325037690716576,0.5499190998548458,81.80187953068389,0.7186677349962625
0.9304714840264532,0.2431128100379289,21.80274714461834,0.6586358117578687,91.33821853384492,0.7475809652736005
2.617389803284266,0.25933687844353,13.818166649815913,0.18995527091664163,85.01706009178534,0.7100131304236948
1.9802092902266617,0.20122048836111875,12.670573941623557,0.17521631300991775,90.87765112029557,0.39887829747095577
1.3151066268651455,0.27058704649841425,13.936033096824156,0.0719474963923151,83.3213725880711,0.6783858741749217
2.2368011087794084,0.20515777974708915,23.707431659961152,0.010142764248291998,69.827151371143,0.7048754828397638
3.2353260717108103,0.2575505995372204,10.452794695642826,0.061361804152568755,107.20801805452948,0.6307217610764013
3.684995150132213,0.2631285347748331,22.68640585273758,0.035310205048915994,82.01768424583912,0.7051164229880498
3.0494977211581804,0.2378102521926866,11.48407714745816,0.07822141028871014,98.65169848928947,0.6398117696405322
1.055070563411349,0.05320964544241407,9.217314982387423,0.24769273774484274,71.00386730289213,0.6716548258473213
0.984327676163767,0.08091862739655922,7.624148845650873,0.19830977010620843,60.58005485520978,0.6978455972415224
1.7397569636532442,0.22187823164850481,14.810513179960461,0.33946598621661245,86.89783012182592,0.6114599969111476
1.848151857702928,0.18780913267579594,13.301966627719322,0.24520662521318248,115.07573282449053,0.5729602982273357
1.393479993698468,0.10026548988101279,12.78010611289785,0.47345208917782894,84.11752076205649,0.43621540871710335
1.288183357856797,0.11179049911194272,12.711680691978074,0.6091933185634849,77.06939632379066,0.9824131983392913
1.4036517865364582,0.06801107670126137,13.169053731297042,0.46101694879508137,61.847725866594764,0.761859427602696
2.0602844492191985,0.3441737338267028,12.386346610469763,0.48796305494479486,116.40015859890195,0.4915507878614474
1.7746692749555477,0.41053165404898395,12.140072596619657,0.37656353594568664,100.38881841958768,0.492181968279483
1.5767404225547492,0.16930406354449587,15.497042718185368,0.35052397680172437,84.6553307952866,0.7563097375963187
0.9990991769551963,0.23011025724734807,12.698569511503061,0.3028170160183157,90.06848922922879,0.5463511501192444
1.3403120618395759,0.3727853515692812,15.582480709933519,0.7095407894867463,77.41691706156818,0.659302583091696
1.9228644993474644,0.0842712405054102,11.831603768234388,0.5305615132615189,75.26457028642616,0.5403545501515843
1.0288619889710908,0.24389315790371174,12.68110127302299,0.6852159413854,84.33802408952835,0.6934255178580401
0.778890260078357,0.3822891572297622,18.9143368176044,0.5325137344541074,65.2517719820202,0.8076208240403969
1.7185163295513077,0.34802385552111187,16.279223496678426,0.23031075136917153,107.00683159604723,0.5834962014903871
1.8323299244030231,0.2600631019398624,13.478040559295321,0.1806106713708599,103.63558841994265,0.6206607111265682
1.2404308091522418,0.14020543967468846,17.77352977184066,0.18178619572430985,72.50522253128148,0.9540713566071621
0.7345929699548326,0.21120260432941274,7.470075104974349,0.3843787063553534,86.35871752990482,0.964181549382923
0.9781233213994234,0.2713823559420114,15.480154001821038,0.19497076893583137,64.24245284236797,1.2767046368682593
2.4804065009403327,0.12025507973959149,13.924029432078319,0.18098714853506673,97.7301836533361,1.2545026399812331
0.8678013363683933,0.09785225673642044,5.466148275812105,0.10460806846650758,74.90952732797291,0.8234454516227798
1.1335060123546128,0.16607692438565747,3.9689121497416604,0.19580185390604038,84.6907592359945,0.7331308956060992
1.1660368749372347,0.2263462867726779,30.4094030528671,0.1183607646687041,93.19990692575601,0.5696418681559275
0.9421308437143174,0.3184113802756015,14.366123295814873,0.19006806519150724,98.05391987500762,0.5170612596301803
1.128656097522852,0.18176297025321822,12.667519908375734,0.02742258237970424,70.64201354734774,0.7721075740203174
0.4089531888170711,0.28417423810716497,14.391953308075914,0.053414671747143115,92.53655335827308,0.5816433649034721
2.4197381730023246,0.11062719782553082,15.298361555287954,0.009922083385006658,79.12399057040892,0.858016218175438
2.048724043714841,0.14287496545906436,12.227287025696558,0.06359031770049162,69.25823041401765,0.880275164379024
1.0735711597636144,0.15177938201961227,5.574161929071118,0.20183228311086884,110.09802376574797,0.7553617096646806
2.7257061476724886,0.1214263103831317,1.6071209487490052,0.07096181784453075,81.95976868520232,0.5913489784876772
1.140006555818307,0.08682570402126058,15.4974208958203,0.23557308472220237,85.10998793175297,0.5564616703241239
0.9768791502704907,0.14723635788167141,14.348444681338457,0.11855408832618922,92.48963961241024,0.7291354096253219
1.300843443996885,0.31679246110758646,15.065908279710255,0.18572354134640853,87.50015205636794,0.6389331619614458
1.5555764153307758,0.3406300452439127,21.94315050857028,0.17328102099636203,83.34793990353236,0.7246504594051663
1.625807527164116,0.21185529536873546,10.887230961274064,0.18196221765536777,72.57846922880694,0.6229978344701776
2.0499006599254566,0.06618456370430675,9.839917971111982,0.4380354093114662,86.19728347551957,0.6092709522019935
1.183472775863138,0.1962992107910169,12.632443939917083,0.8053503358436946,69.99161198306837,0.727151218547325
1.5169299721823954,0.1284440447157254,10.34665357502609,1.0291537322718631,101.18797529046664,0.7368570526945266
1.9930092626461295,0.3200809998239325,11.8311877192255,0.17581266007222546,66.41071865591883,0.6308257302542981
1.2869169205672566,0.35667250470192213,18.194114842942763,0.25571888648018776,102.35366811664211,0.6700934297787214
1.0144268902420623,0.2415630400236053,17.01329085519436,0.262942970986129,75.7260094007612,0.8420892890832046
2.759376559678331,0.2468792168722136,11.578561524011006,0.29043490684797796,85.54821225384443,0.44971816735522413
3.4171632241271253,0.2883571272289263,19.142142816005137,0.21451878609128158,73.49660520245095,0.4993301066753153
0.6546190598290218,0.151168476782344,12.962056242650421,0.2005000536240995,76.76544065977167,0.6169587184174191
1.1407728639885697,0.3051921459162482,16.392582523309244,0.14751164840727782,86.11165923691313,0.5850383085219811
1.3619476067310505,0.18482101212332094,13.989448088826636,0.29445428987059064,91.54199180645175,0.9611519488809981
1.234084076868482,0.22142404769871057,15.508554222416393,0.16642811624214587,105.99997716145454,0.9261610472006985
2.4083083132243277,0.18406444101192826,14.283768715648899,0.06642974333385304,69.60756018969342,0.5990735288695762
0.7532579340841963,0.3726591095965936,21.370600296425405,0.3504641465373105,113.78738743120026,0.6273256102263399
2.6270462570464943,0.17100767019914798,16.493464026921544,0.02994638566753725,59.02208158886482,0.5692754186049795
0.6240961129936161,0.11274251228064379,13.255522585435475,1.1324983407467315,108.6156866063733,0.7005707160669384
0.5607195453640542,0.07478384985051847,14.811527619655397,1.0938697075634691,108.8558400637582,0.7168838574504273
0.8128483260931892,0.16348685399133248,10.656878497329222,0.9679191273844475,107.8663291659971,0.6024946101984565
0.8303401879493765,0.21555325701702077,10.66877164933318,1.1636340590033725,102.45192301256111,0.6737627814010925
1.0240091782736758,0.15416565703445004,10.105561907973332,0.9620785433182105,105.92382831240295,0.6011030294522822
1.7448447474120927,0.1926974680741003,14.77871548415894,0.3914762591878752,72.19623762577638,0.37008471695262674
0.7252220799212415,0.09254751851004193,8.712569100585384,0.3393134914263326,90.59760815939049,0.6074637675594069
0.721054731269654,0.04369240857035467,8.414342373659485,0.15162652846780447,87.59016836858645,0.6503092085087538
1.6259972742588382,0.032697288954221575,9.41414226016582,0.37695876411960894,80.93920675306443,0.6473785905061737
1.7162279244430882,0.10233819599056793,16.610216059635665,0.3882932725161082,92.23626913437558,0.5145047994122512
1.3576970959764723,0.041511997221438945,10.191392934373473,1.3061242181544497,78.94182582541663,0.7545461404765706
1.0434977636590923,0.01433295826537424,9.865004178155987,1.396766389315,80.8653829593121,0.8281274908244437
1.0387354562676705,0.010506359923762388,9.04632159068249,1.4222316254890517,83.60435578880042,0.811001072190373
1.1303270386962114,0.009044911777889407,9.398442900611458,0.943873025378257,67.35312226025877,0.6714731514495327
1.3426628675894323,0.012529739796675855,9.813700687760695,1.0489782130104113,76.85493106938348,0.7123812180691432
2.7660275521954207,0.004305158075008756,9.672664170304703,1.7797233315549756,75.95878205951865,0.8039560681027478
1.92136373701648,0.01352714133153993,11.084108191984436,1.3541994028438733,73.55565853626675,0.7986163333877543
1.5062019005063632,0.016363615134052028,10.30183534074095,2.093675298999507,73.74597888794163,0.66503471395794
1.5062019005063632,0.016363615134052028,10.30183534074095,2.093675298999507,73.74597888794163,0.66503471395794
1.5062019005063632,0.016363615134052028,10.30183534074095,2.093675298999507,73.74597888794163,0.66503471395794
1.5062019005063632,0.016363615134052028,10.30183534074095,2.093675298999507,73.74597888794163,0.66503471395794
1.5062019005063632,0.016363615134052028,10.30183534074095,2.093675298999507,73.74597888794163,0.66503471395794
1.5062019005063632,0.016363615134052028,10.30183534074095,2.093675298999507,73.74597888794163,0.66503471395794
1.5062019005063632,0.016363615134052028,10.30183534074095,2.093675298999507,73.74597888794163,0.66503471395794
1.5062019005063632,0.016363615134052028,10.30183534074095,2.093675298999507,73.74597888794163,0.66503471395794
1.5463120945534878,0.016084227170503167,10.342593841698296,2.152451792456923,73.54736436166121,0.6610944934473146
1.5463120945534878,0.016084227170503167,10.342593841698296,2.152451792456923,73.54736436166121,0.6610944934473146
1.5463120945534878,0.016084227170503167,10.342593841698296,2.152451792456923,73.54736436166121,0.6610944934473146
1.5463120945534878,0.016084227170503167,10.342593841698296,2.152451792456923,73.54736436166121,0.6610944934473146
1.5463120945534878,0.016084227170503167,10.342593841698296,2.152451792456923,73.54736436166121,0.6610944934473146
1.4830390802470943,0.015668344574166344,10.667198832789405,2.07478348639824,74.39714561739594,0.6743610167714179
1.4456961658406444,0.01759500670382844,10.422675904367363,2.050239796478427,74.02134727043145,0.6842198203071975
1.4456961658406444,0.01759500670382844,10.422675904367363,2.050239796478427,74.02134727043145,0.6842198203071975
1.4603981071858119,0.017523070789839175,10.600627734943037,2.001120104829517,74.08424118329515,0.6849524812686132
1.4751833941292032,0.017841670375719806,10.804708093099215,1.9614598808159802,74.23683414353508,0.6696707099186134
1.4751833941292032,0.017841670375719806,10.804708093099215,1.9614598808159802,74.23683414353508,0.6696707099186134
1.4839882104091728,0.01653164833298976,10.880175970715346,2.011116017978887,74.63825635045656,0.662018940513433
1.4431924136270107,0.01715586491620568,10.70385868032358,1.976665768296974,78.25933342905527,0.6183309916119067
1.451024738020997,0.01653478080011434,11.447413440762759,2.1900368448476706,81.34004857016645,0.6191207979008684
1.451024738020997,0.01653478080011434,11.447413440762759,2.1900368448476706,81.34004857016645,0.6191207979008684
1.3849333475363268,0.017481790851276807,11.677845262797405,2.174794644600383,81.52459864385078,0.6157023551217645
1.4181584497920585,0.01655165519446078,11.866329878615293,2.0301383587591926,81.13626819842978,0.6095096731475321
1.4181584497920585,0.01655165519446078,11.866329878615293,2.0301383587591926,81.13626819842978,0.6095096731475321
1.4181584497920585,0.01655165519446078,11.866329878615293,2.0301383587591926,81.13626819842978,0.6095096731475321
1.4176813116595843,0.016422338117160182,11.971066841691371,2.0524603693481054,81.22852148174162,0.6087085859898325
1.4827896349229794,0.017741287692514738,12.064668142677718,1.9999554029674438,80.46182967461046,0.6082988797163318
1.4827896349229794,0.017741287692514738,12.064668142677718,1.9999554029674438,80.46182967461046,0.6082988797163318
1.4827896349229794,0.017741287692514738,12.064668142677718,1.9999554029674438,80.46182967461046,0.6082988797163318
1.4976248215224104,0.01682071438214207,12.051133214463704,2.054949789069011,80.29610162235542,0.618512284341906
1.4698244404124747,0.0166923761279076,11.940806065533339,1.9895335511763053,80.3236188451997,0.6174894114105385
1.4698244404124747,0.0166923761279076,11.940806065533339,1.9895335511763053,80.3236188451997,0.6174894114105385
1.4698244404124747,0.0166923761279076,11.940806065533339,1.9895335511763053,80.3236188451997,0.6174894114105385
1.9786113740527285,0.0061329295566538555,8.747118844723857,1.3798346869407243,69.3244599190175,0.8146979632077066
2.2447846219846435,0.006424195019269475,11.690992743002392,1.124226108706415,65.08982462129724,0.6513837474212828
2.1098260906223945,0.006993093981689765,13.340959288190037,1.1798889200713325,78.2810409121909,0.758327738174227
1.5170378984549435,0.00782390423334998,16.195408974055937,1.1000278818304587,74.908250624909,0.6917842855152742
1.7871981207111272,0.02531085669702911,5.4361199502095205,0.37941265541773256,82.40653457913638,1.0091507254381724
1.4969746772855907,0.022624067878332668,12.693852410911674,0.7840967788564981,79.65918936260648,0.7738995082467087
1.232956951653934,0.050578039165935104,13.237371482971689,1.5085496117906438,65.40064624200195,0.5887265714356102
2.2067069010827245,0.04595243199468089,8.226866925861852,1.2470087057060248,64.55916550780165,0.7642834548394187
2.3872808227415043,0.04272943071962612,6.865552755786855,1.0624711076082514,59.87687443024539,0.752757075693281
1.5764130546060446,0.10333815180632384,5.9743059541243415,0.6932972518128884,67.28513866441723,0.7591221655872965
1.0821471766204926,0.1759867329073109,10.355755905405994,0.5531879658588836,90.49066384512327,0.6331704101557238
1.5767575450408373,0.19354039793481273,19.096925194809803,0.39317115259323504,74.95556741022295,0.6773876565373379
2.577418534862044,0.26785826374432986,8.232671052115089,0.3719942806955003,88.95022009250978,0.6133895664627063
2.1700861570210335,0.008979635338810393,16.94118987010774,0.4238343520708307,83.97286949604577,0.33840122739508466
2.071544347246671,0.003708689595864269,17.299226737723433,0.44434673523025403,83.8976715041157,0.378850925359726
0.7428455394228021,0.04068616993508781,6.1957382661831115,0.21558107046616407,84.65073610434968,0.9345398034364365
3.291779582982569,0.00731258123094779,12.691811051222391,0.28165091215493515,101.53494395770434,0.8169956891210366
1.9542804066105617,0.0001844538574841166,11.968640482200104,0.17650949438492314,80.88879535967072,0.4744928473934892
1.3600453159391053,0.2775700351826712,15.22065924882266,0.10509138792274732,81.62303334774447,0.836900930262826
0.7576093457568197,0.1361019862097809,11.948058857032356,0.0403663580623617,94.06928496805229,1.0797134251526768
3.248235624002034,0.41399335305766055,8.404183759546768,0.14411399215444293,90.55486760396023,0.8000281321613318
2.1450857518510658,0.3491523564480187,9.738523210079562,0.08072233913631453,78.6564424347256,0.6887279577419978
1.8715548871646224,0.22444209804948048,9.421210669315172,0.09343602331848182,73.18524290161183,0.5569195335710566
3.2133401962663637,0.07668865785248745,9.777133660664783,0.2638128478301272,93.51407929875226,0.5789721019621208
2.4380435059853514,0.08715871409168735,18.84551888902858,0.4028369994759681,80.55264598830414,0.9619678573523448
1.415953755154606,0.13263419103885096,11.465672127614491,0.3367561741504186,90.15266315136282,0.6427652184958174
1.8183618464381148,0.15716193514459995,10.78028417455258,0.4368484183481172,86.48435586394514,0.5957585448268206
2.464102349998592,0.18500393053735095,12.463448662999138,0.3077440495351796,78.13617677127084,0.42069978961352444
0.8836350984989968,0.03167828339984598,12.214362986365341,0.6764923932494377,87.3650326093003,0.5560261354570528
0.8924203755410204,0.022026715968999255,11.888305828041279,0.6045620078511167,84.52635384366138,0.5254801192341857
3.9853745071037627,0.18330320614266454,15.650779107000368,1.2047709105086055,87.50899698782862,0.6554403870625249
2.8156813482126206,0.2812214504677324,12.180824339623006,0.5117901664897718,84.16742911366899,0.6401795788356431
0.8768695484126469,0.2928975483756449,12.47384428346403,0.26907867931282964,97.52963652791325,0.7790157666471643
2.0969601787865737,0.303620884000003,15.572366724390324,0.08126621296922128,78.54013153268056,0.7204084327130655
1.7295109252609457,0.24215611757366032,16.856186096404816,0.08866648451576922,71.55941435129989,0.619905743924762
1.022272793794949,0.1278343257139555,16.71387560986578,0.09450072944840045,83.46835073368385,0.701061467960602
1.6195055087001504,0.2860895925233316,11.43004086293164,0.16728159331741985,106.06273623354888,0.8357126436476269
1.6188537706268562,0.2619968631269488,12.827053623618879,0.14242008222318717,109.59959800746357,0.9608283383157414
2.0215912849534683,0.1902650312889501,19.613525633096753,0.031089858570236276,54.70208907199978,0.5941522483266874
2.400548492829513,0.2719431457903673,13.37441215110603,0.03782590527775492,84.4544167806975,0.6713622235975609
1.856531073896141,0.1626347461816435,12.387127593835878,0.10159892452966145,89.50762963634834,0.38801538896648746
3.3071231851130607,0.14489366436498993,9.84283099327187,0.08400580070614472,80.34560030985246,0.6158487833733779
2.7457873022312778,0.16955460898076485,12.107133453889237,0.17290522709120987,74.34913928233229,0.6395179142258883
1.0711433373064048,0.21632288105755068,12.856817816879506,0.17419008361285251,101.09024105663576,0.48932770426071165
1.3368507230826518,0.18937213275713727,10.93717133765294,0.1911908130262044,72.64814854761394,0.635745851706394
2.076703172150261,0.2253901656299523,12.202294568224136,0.6557715771654427,108.44436673168508,0.9510671151324669
1.73265125638335,0.23987265001367417,16.754753085781505,0.6080068659293408,118.32385368338231,0.7571788766347473
2.465055595917397,0.23807256782447342,16.74927283530667,0.21372176049323555,61.47371101610164,0.5218667024434781
2.6782761832286215,0.22979143274608577,16.0017929019785,0.23371750436861544,101.42826205989317,0.6169031834772207
2.1951346085987633,0.2520189599312531,14.941553836760525,0.1221199086632137,69.40233588435164,0.9725029639699867
0.8025928329018326,0.4479749412055017,20.620743118454193,0.37151472224765386,101.72757934142253,0.7399092774354386
0.6611420193916203,0.4545766354278697,15.51735138213373,0.421178441340364,108.32752087531597,0.7649197425036335
0.728152851667268,0.4755780324260761,14.178589075434642,0.24061866489393352,83.58230625968532,0.5944669958643438
1.8803132612487523,0.2503109220495551,12.803428213597384,0.5377150891765646,82.91097996520608,0.7849859626396474
1.680629523267917,0.18680804644691534,11.812362584272075,0.5032256257470116,91.09353915815605,0.6642070307314043
2.801181901623046,0.197125786288608,17.401898432436273,0.8425334200083805,86.30829537603066,0.7440828492947325
2.311249994035749,0.027652016894104337,15.300179643998908,0.5772658827568287,65.4531260067507,0.5932469276343598
1.0085693641188307,0.180552734276264,11.884772471797024,1.154952151634855,70.34828973328689,0.7347628042873489
0.9773422393064213,0.2120285919977928,13.245165893264256,1.2769271518079641,70.74681223006436,0.7424105317375559
1.7614219772132544,0.13613917358919977,19.866796391697477,1.0306642042639655,79.62281874802854,0.6694285533673037
1.742447335769239,0.14846840055284308,21.10431668068371,1.144932493470727,75.91724316915098,0.696290601298482
1.6862671476512623,0.03609708546302637,7.563656081634175,1.338332660836065,62.71319625106653,0.44289475599188394
3.612432529200069,0.041032120551841536,3.988566147006956,1.5220881956458883,69.2755034911972,0.6352593355799353
2.615607733498721,0.07929994113576169,3.1922328571004233,1.6513981304428094,67.9358504135549,0.6348969138844063
2.1648204431080798,0.06705887355161365,2.472259076612916,1.4443185665412663,63.54507047083688,0.6622420265065146
1.0181335674613057,0.16831048635401072,8.761204697523,0.8866273934828117,93.87983845745798,0.7250820029869901
2.014009747860114,0.12179086391420578,17.112682833122367,0.44437463399581734,75.65068728610188,0.6811196499965458
1.003521430879352,0.12361781587497957,10.386753792677354,0.6074432605588859,70.66065265285454,0.5168377601527301
0.9248358339725412,0.023166909674042935,9.596649174842538,0.9746883058168628,109.75434874165491,0.5626766693891712
1.4168857665239025,0.0025536160817068365,3.6275970527069705,0.9873272925055047,88.62204786368224,0.7800391458262179
1.247884436217272,0.0058903383094689125,2.338996180591639,1.0134365992584897,87.97972660231193,0.5474271886648093
1.1126690998802469,0.006676188989917063,2.3816174174117006,1.0956691352749792,90.5986453148446,0.5276099008659906
1.0338540672999206,0.006416646790904641,2.318200815436911,1.246205119805239,88.61103818647852,0.5043032331837087
1.067915888888267,0.00970654045705944,3.2752117446908766,1.3039868929534941,71.67633673731986,0.6705385855591238
1.1652453923816626,0.009236126005767339,1.9012442878059683,0.9734072664308684,74.40502286957907,0.6841781927725147
2.0553712858237043,0.01742912311315592,3.8595677526978993,1.7460423406846135,105.94636317308273,0.6821511712037347
1.974994504679322,0.021938226132559843,3.8201645119006953,1.6746773821696765,97.21942240629137,0.6922251751814199
0.8917401796228546,0.39718793657185797,25.186463250858473,0.8281826768302258,69.95428639925777,0.6006747523688178
0.9584082451950594,0.32117510937744903,26.296161708276948,0.9444597802140274,73.02868509982235,0.634994717792319
2.119386617453197,0.2167163059976838,13.380700070701511,0.5372507913055907,76.42550930187662,0.639388597228022
0.8399312841442517,0.12411457790533213,6.171138884407991,0.6688252873563296,90.27682880248148,0.5968712143571083
0.6208721556305058,0.05261435950567749,12.236373391841653,0.5087248484672541,80.33040582665919,0.7193107383302746
0.7094075343136673,0.18432417419467384,10.103774618413366,0.42555003042732636,87.15225690533228,0.7920969144489911
0.8890504830723582,0.14344006610716659,14.252820570883632,0.20266470935699946,78.4821195010495,1.1391936750983531
1.7038640925357535,0.09898374423438948,11.15101432715978,0.493643178934476,85.74981446817732,0.9166222230252713
2.1042549746581183,0.2988602777887164,17.048859095836587,0.09240648082184155,99.8510670878846,0.8158785627320051
1.257509415626594,0.20206585752710876,13.556627177170794,0.04192432134584637,72.10384448261652,0.715555885731881
1.060105090672584,0.12280445786172234,14.54381806130971,0.4730301191901391,104.0092687273426,1.0556593296053522
0.9356736707841795,0.03622616166703478,13.465232426781686,0.866200078819927,81.68763242327634,0.706645840623593
2.16088522503891,0.16537699051945062,11.533391247559276,0.6636784130122338,117.64653002746051,1.2792653827300497
1.3289243328191782,0.05199454564952352,12.769554660174638,0.5120250590247903,69.95136849105785,0.7536168044573635
0.8757172291071248,0.030531827766737792,10.342288138191146,0.5368412965962789,77.88743036285959,0.7969985544914728
1.2174253416036256,0.06620804494593598,10.862644526997117,0.5745161805548998,67.22140589494045,0.8431340358465564
1.191899705174207,0.21416257941706499,15.449881745265566,1.141827051764081,100.31159303458638,0.6168477249857963
1.1055244648221099,0.26779569104039924,12.331316996725713,0.7830784210434633,76.33525928709486,0.6771358753085971
0.4406821084646824,0.08703892360404061,11.13990298215676,0.6531408644946517,91.98527935629924,0.7014244708273825
0.28252389694671565,0.1659153290457094,18.761876466043987,0.8882848153175804,91.8671898951957,0.7794910519908621
3.7052402437241247,0.3240752238490114,12.244503671930081,0.21204975445219876,87.72972930528086,0.8717892135551245
0.47389842763823065,0.16283476106402966,16.650093961785736,0.17032500443852813,79.3925915055055,0.7548011684084898
0.36377412018196165,0.3172360822802678,14.68931093435324,0.1754109723749573,83.06676741632207,0.772165418621304
0.31051154878798654,0.3656851361259633,11.261901626347065,0.11107598304632241,93.4729755162992,0.8726630794954742
0.9226297797024389,0.2251584121448988,12.262372792711407,0.23083452651093378,79.06555368151685,1.0119497974356566
0.9251724689071831,0.35879908317378545,15.87778462647469,0.004410288450034811,70.06237606431876,0.7454759345437422
2.8143061043123327,0.14160122725935517,17.075589075479034,0.2354733140871958,73.5206466257037,0.7861555224674959
1.734599332967875,0.0772885719519533,10.474569124895371,0.26949583901052737,84.94505080099665,0.8548527324637827
1.3587935317121684,0.4680660597868081,18.864113343478564,0.16243258254664517,59.92163381109006,0.4755551855813197
1.3430901142103047,0.2779667072661676,10.955466779781771,0.09695846358085687,109.30686582193525,0.8092617128450399
2.090691996286102,0.3416311900374978,13.985503395177146,0.01792800759289033,64.4989533334353,0.42257621366175296
2.0476673683862847,0.1252450500991762,12.423100975933659,0.12002519755436207,79.46676221488224,0.7781466081298004
1.863633630705955,0.1863553464900934,10.258633155283231,0.12857158139898853,89.71743109672799,0.5592368194729513
1.4385629089140732,0.287409795931044,11.098635177662683,0.06487863019714228,87.31854287106675,0.775126299408307
0.9584935528844477,0.18626420672856495,15.14162293963567,0.13069151325128844,96.50821132066734,0.6612771746973066
2.3234829170659004,0.2581781152461236,12.800019301216542,0.12403072828776397,80.77095124477599,0.782268581098874
1.6897699242958826,0.1466552786301503,15.644546357102282,0.07983044492408684,84.66082551554786,0.9572879131879769
2.697962339657468,0.19470460755569535,20.35399727492406,0.20145279905514096,78.5891594208502,1.0078338551639885
1.0318783865774968,0.12616584219531904,14.653838454834215,0.25904199096737507,60.089355342501825,0.5779552244455497
0.9088739163491547,0.29470051727738983,12.191459985203108,0.4060443650300955,96.83354350312355,1.0523733758446119
2.6553000350876976,0.1816545272349996,11.09683240598224,0.37665050765552244,78.51750042910622,0.6157596403965215
1.0547588947693678,0.31460057538430986,13.117077046002287,0.15572320156814337,89.35823981403739,0.5364615018863838
1.7612561101885524,0.24573764337511209,15.478952882594584,0.2281874815212938,94.44415269538577,0.6313374986061038
1.4978495355869719,0.4129134960995924,11.771851616974864,0.11137735096750508,97.93254511720528,0.7152488234282612
1.0661621713924563,0.3555562215416185,16.979553727230527,0.07039679880502803,88.06010021759914,0.6182777578427431
1.2039762687861733,0.2728338640578907,15.830847386956698,0.3365938960176293,70.80762788291827,0.8634872850383601
2.1351109772148282,0.2616689226572328,15.274877837944429,0.7835459374617496,102.83548161795777,0.49237465410684983
2.618999425279299,0.12760842577576828,14.98118301825709,0.7667108511958207,101.54150756670131,0.7942205696375575
0.6966828813963788,0.14927241608099617,6.9264594738667595,0.3261714274870515,66.83146852402788,0.5350110181616566
3.4362179896531955,0.07559709613827577,7.139050385262119,0.4490567575863312,108.81611030046227,1.1410124237337114
1.1756594933004567,0.18537799370492106,18.410487937777408,0.08446196140948539,65.59362444992946,0.599302436586589
1.231433700688482,0.1547466106419874,16.025366407775913,0.10019472277356284,81.65746154251777,0.5824185714577587
1.510710719844912,0.07313411952325789,16.940309152552146,0.8755557756119238,67.97182409830813,0.7884618204646363
1.7376747630680476,0.1351390227833581,7.272339370722107,0.4430755713658325,75.30120892068454,0.6972217119351841
1.4242246107452115,0.018113831288744976,16.758579118077353,1.423585035032753,78.80770246383317,0.7723801702365667
1.9973882330257389,0.002732497986950637,13.415986537342553,0.9091090453665586,79.45616343533231,0.9546611859698968
2.4875922776512915,0.115576504243117,11.242132234247574,0.6709567257503499,79.99707256675877,0.9230522446725377
1.507760488539737,0.152959822116333,13.3640561976621,0.42948041449325824,88.82489073161115,1.0118281802406168
0.928876041393359,0.08893157910658388,11.604854479936831,0.257900003744918,81.16969435208631,0.6952465015604994
2.0403393602594453,0.19495933647165484,10.398856740487307,1.0305289586368793,73.53698286583706,0.7136354512083191
2.3126317474618308,0.20313588147497108,9.890528943738202,0.6704210085751937,75.60231645891939,0.7480305111459158
2.289798567198572,0.2778742181988955,16.59558154321668,0.6784841388537629,93.42589342147718,0.6482429052940305
0.8023509733385324,0.16969802219772293,11.36104004689861,0.21807414884351226,77.56324609779371,0.6507074674151885
0.7983152994569985,0.08065425425493296,11.265321659614742,0.44294918970469116,84.29034512487792,0.7038898505546746
2.228918209075464,0.27896538710390606,9.435624719362956,0.24098012303563818,80.43558806772629,0.6463938101714559
0.9538204098828855,0.02711365197434308,6.068335468483158,0.439309122563283,72.7188190508849,0.6757448005808603
1.3655253613070726,0.09842884253482939,7.6933356995251865,0.5998774151315,72.39242098017164,0.667091030579737
1.019492323693434,0.08299097380288026,14.551639830698825,0.5419089327416129,74.91915543437936,0.5265070149404382
0.94538983632961,0.11146287082880921,14.201101939968373,0.5704531509832285,71.27717958239846,0.48787396161320207
5.099770404088337,0.09689347457448214,7.852559827137207,0.4208432613907424,68.44646534065552,0.9032192549910075
1.3587645635443717,0.13668703711383354,18.58374267326615,0.29305324185096476,66.33872910239222,0.7194038397084824
1.5823999594907625,0.06320853877426114,7.303650758220961,0.7344856318958549,90.92307748703779,0.5844910582057938
1.2075849035858612,0.03021009793931407,14.51732195162962,0.35088954899904606,62.64956876845823,0.7541360364274801
1.5553126964287662,0.001461427079629442,2.948257482868544,0.16904423697680424,109.17793136646006,1.0645264747560308
0.6372372661871056,0.00455966096205746,4.824637694381031,0.41345680087046055,97.07255361773034,1.0451261206116953
4.308359830915564,0.00016483335102178046,15.092374856888263,0.30342042730649577,94.36377367528607,1.0130532689963934
0.8499869049729518,1.9249599939425218e-05,8.450319859767141,0.15817883276907949,79.87718666660794,0.7915999612312549
1.2141587811213288,0.00018328708221395095,15.61500735134006,0.4212390878576272,73.232008794933,0.7851281252609841
0.6563953461367754,0.15478449987000237,10.171882589830457,0.18964637859554073,96.55712650202825,0.572889207448682
2.623451272379574,0.004423585205525501,15.727084505340834,0.31026146551244566,84.78254179009797,0.6860812451551268
1.7299178820261973,0.02950254149349184,7.5920733981785355,0.08674101804634808,87.59344850112602,0.5243169814105975
2.2291025402702633,0.1426055771951397,14.674401271346062,0.2995089102890249,79.77004744879441,0.5104089475965304
2.4228149092356244,0.14587470037590056,12.326354603489204,0.27541559548703215,94.84584283058003,0.5165881298978009
1.4478539819230893,0.2360539392791193,17.13901860857169,0.665169998557511,73.54890953560839,0.7539663914467983
1.480264763725555,0.16492556520011667,13.637647140544573,0.7803710359004182,80.7682137548072,0.7613605868426987
1.5739014010029184,0.14783014676261919,13.912204340927293,0.7258889389667028,79.64775123267295,0.8065086452167399
1.716292872098641,0.29250876756919647,11.55286737123793,0.5504096626273766,91.50794420722995,0.6345420470029925
1.0086794852418999,0.13790746118036049,18.40010985668328,0.723997826037113,72.35959762183735,0.7487306634452855
1.462307236397976,0.10419589452129152,11.11529302864412,0.3637767360681068,78.47392797382707,0.5073234353177768
1.936051324019508,0.1626937333890038,11.82936670922338,0.326830652228089,68.19184708866821,0.42051310569661443
1.8723381984128313,0.1561377982602473,15.081414090419319,0.2780084418523058,83.93647948857178,0.5266234288588686
2.5036665369403894,0.2843908648212207,11.083969757374591,0.28664369235392306,79.38912617997615,0.4814904871089785
1.943210900031351,0.1700754667406041,10.665912660045686,0.13779649644214495,87.61955692424652,0.5093613314022335
0.9733859123149581,0.13489594994933418,10.810580658396574,0.12901032048196692,87.5578095863816,0.6123263390565444
2.2646582199373264,0.18956479986368563,14.288674794800801,0.11161032091320779,83.89116190536518,0.6387908606498859
1.5137567174407367,0.26156786026525086,11.446294263591664,0.46327479903715013,90.56059991488164,0.6435767349013193
0.9108749751202351,0.13857486264317995,17.239247176424136,0.36975033187201056,67.44432682271457,0.6473466717331967
1.2370856670318815,0.12380576853475457,8.964613829896791,1.021406929455875,74.69823073839427,0.5249397508161979
2.154094532439882,0.15360010793521844,22.07324566652055,0.8221692379023544,75.28599189408855,0.7269412774325158
1.2238826334886719,0.0017160898708414318,8.580713402595656,0.7932128290767412,66.27811463368535,0.7123579211281237
1.5164180947417547,0.007534226790704167,15.869995150029535,0.6524203873849035,104.02708775744108,0.758433300861848
1.964709578369289,0.17446000331931477,12.26767333111612,0.6124599296472936,79.29916470619742,0.8000985838200807
1.858033908735691,0.29972430262774447,20.617653468465,0.2818148250680213,78.96894938999708,0.6106241008441519
2.0064471891067437,0.5201582556501381,18.04389332999255,0.07431320506915443,74.75432643581159,0.5480454992505811
1.270536373923777,0.21917024567024673,16.02947108614305,0.015920222446770424,97.63560336765215,0.8584893693748775
1.2621487561932003,0.3329504926569645,14.161585781118541,0.18612310730133388,78.5285473844434,0.5550623132998284
4.250280065221955,0.34113932987419476,10.082311406261361,0.12855217229704782,94.19247358340058,0.49864265810797276
0.4438313547736236,0.1811613115171599,5.55207389234509,0.23386565421357106,64.1290486136615,0.5425808657283627
0.5483480606003122,0.18360394720863982,15.446772472302374,0.3136910163109196,93.29320307660443,0.7763092899089618
0.8047215854488244,0.2732018551573254,14.377629057666315,0.16068823685605274,78.50806385880301,0.5978060635702839
1.9122470834324672,0.2487517959607631,11.736483918230325,0.15468816496960963,89.23512050627296,0.6396128596091433
2.3332518116853387,0.26634948303450123,10.040583662668068,0.12479098686896009,76.5287065947827,0.5213660001220511
3.474033721911525,0.23468360646515501,21.92168330131346,0.06450747517123538,86.51781430101502,0.6118483793680997
0.42102768854019557,0.04207784150375755,3.456324133534074,0.37572906382074706,74.87298634147535,0.7428298680168024
2.11545012935916,0.24776650366297645,18.539283181860785,0.18688278941801464,94.3500874283237,0.8646532429282282
2.0224199303655155,0.3005131965845513,12.049997210446582,0.2948515763971371,81.3524568550194,0.7984245867591382
1.2274426983551192,0.20150425845345088,20.32293811657152,0.17421380007493203,84.73472928317874,0.7003774844962626
0.7192443162322634,0.04309371483851663,7.622571826681884,0.2753578868152899,71.8728149428625,0.779025118067196
0.7731108046158325,0.09239859457711368,7.859456663193379,0.3000017473834009,74.4691215091162,0.6680657379667547
1.2869502307319616,0.10619310016337717,12.50784264341521,0.4796543555248681,90.52667818958014,0.5190845236104585
1.5625974527535547,0.17281685434084387,13.620114021449409,0.08034384090978107,69.51021176275252,0.6076444524734869
2.148656803167586,0.1922569348709482,12.144103457591566,0.16832468024178354,83.43827684819266,0.723572730859431
1.122863796858239,0.16641743271703163,14.574989220644243,0.4435913651800626,90.80309854107004,0.824693966052129
0.9146777206279889,0.04173337674660151,7.208441042533717,0.12202465656768022,74.12794400952447,0.7843092402294981
1.0710672237599266,0.0019319191502210878,11.234219293301894,0.13441681892606627,99.60018025949981,0.8442106527170122
1.895287521996506,0.16136790598530143,12.914691402532474,0.23891896969583223,74.16542354410454,0.7643766996817337
1.1957476720470923,0.22923466748639645,10.027861250599498,0.17523493988455402,102.50801363901148,0.7093607775078817
2.1328352991666213,0.17442763409902431,17.978446699706346,0.32499021441621867,94.11840740773714,0.8266052810554689
1.9801765453924158,0.3292441580493504,14.578662201972845,0.1717049045578311,78.18105987110721,0.7887695803623678
1.8972561120174143,0.30422906669100713,15.616935992985342,0.073655910601981,61.5481328434378,1.0583137359240131
2.0944618103736246,0.11555839177903814,11.840277959437486,0.4665517874371191,97.85896335774,0.6649666808162692
1.5108370990804902,0.007694178314699157,4.68566544408717,0.36895382379041136,58.54705127924721,0.9231165884755662
1.8947588828947124,0.10399167757667206,19.45735930899212,0.8675637093043438,96.41469814986942,0.7307966676801199
2.987970605946055,0.09498245963019188,6.320330121693802,0.4200078087630493,65.38784582205426,0.6778951007094438
1.1375089704579684,0.14085092937560534,16.3890069553815,0.5146592396359956,80.509666007933,0.5237016588556292
1.7496343832690529,0.30309485720827606,12.352713449516548,0.10674250577795488,97.64878763863291,0.6164242865079461
3.3908771877345614,0.236929169932409,17.065800413890937,0.34733643168973677,81.74777213873332,0.847313741053424
0.6089237469916763,0.0672669301803992,7.3014124338435105,0.8496247791718473,77.29215346009286,0.6319776480527163
0.5960550300093481,0.051266168522424195,6.604177274415321,0.7742299840497151,77.65457183960332,0.6113187519219588
0.264639846099999,0.11157722530001095,25.271362503854505,0.9777126670300216,55.36729634933881,1.0307532090914306
0.264639846099999,0.11157722530001095,25.271362503854505,0.9777126670300216,55.36729634933881,1.0307532090914306
0.394923745115759,0.19150902697625966,24.657113869157506,0.6828604895327287,52.207483112381745,1.0402774249122606
0.39523107733604423,0.3205720543371913,20.12590780024682,0.6635125770651723,60.54351633468749,1.006195932440932
0.45984233551859055,0.06686784104995709,16.678790976217776,0.5347837483966609,50.10223976134532,1.0936078248562005
4.3472001185351195,0.10908778275373018,12.29969785883608,0.7850457399917513,102.03720899863855,0.4860498494432016
0.972238915174654,0.23514360941020382,9.80354236466654,0.7762476499717158,85.09851986837297,0.5566377296637116
1.182705337431852,0.012798269482639863,16.630741805066542,0.7192313134626424,73.9992655952618,0.7021969814687699
1.171085197558357,0.0046194651101841835,14.02204732135199,0.9419086347333677,73.80543548637857,0.6850867885889127
0.47701086649849683,0.10998574577587214,7.322741738568046,0.6527212243469834,80.5551648086034,0.6847755892844193
3.771948845104685,0.09045895119938034,15.03421978019655,0.33275841179719784,69.42965704644998,0.6857491136594597
0.8683375295326445,0.14164056724888435,10.009032363115889,0.35087661686960026,109.62399568909251,0.7580639347489185
1.5684507360025313,0.06705067022322225,17.790164255110657,0.33247274932101,65.48894245475758,0.6085403501270213
2.069877096402191,0.1954170716550678,17.259567820725113,0.5491754197144912,102.37222227174804,0.8416744079484859
0.376625291997996,0.46294289228169516,19.613242716674506,0.20049561221653253,72.07556544421855,0.8953032692121125
0.9474184420467516,0.384191641747263,16.92827452213721,0.7605847027093253,98.05052440058985,0.6208501128042524
1.517509104905087,0.1515109161879301,12.484524565156478,0.6872256098631585,64.46208976469433,0.6544045947264683
0.9983687843559026,0.12786595210571045,21.31194336283184,0.9492021298903314,73.34412893791016,0.6943904798274292
2.5654096010251943,0.13524364262395794,6.27744304470847,0.7053776780630426,87.59980703894186,0.3691318670135361
2.7632499776711623,0.010046106542792366,8.789181513981186,0.27172574562162577,75.29274550880652,0.5731109967536624
2.7910191073481365,0.01118408214555227,7.274841662543543,0.25760393964808964,78.66384790464775,0.5079177283534217
1.4173226959511283,0.08813372545365503,8.098690984876216,0.3229593171636896,100.29892756007614,1.1840537970680585
1.2251105487425598,0.11036347796562652,7.8621675044795065,0.33512828256155336,70.32958932802096,0.446620841611836
1.5402905097020563,0.0792630623997811,6.4633462294046335,0.36561554359439274,70.45185359906804,0.5841855618142162
0.9755390423086862,0.031619082548793455,9.216811466298667,0.6647147353397943,75.55749612962114,0.5849021560838347
1.0048601850134107,0.0260317622986687,9.067964955913004,0.5702627001910717,63.4973950518937,0.5957512214379659
2.946900686978664,0.2739261304612915,14.267618731781502,1.136718394947402,88.57076131145226,0.8126940558929882
1.9029408423070628,0.18503793095341042,11.846045482545438,0.9781111412204017,90.38536654316522,0.67393637009714
1.6788557232571883,0.17247548597437226,12.852803684212574,1.1687364784101364,79.05331506259051,0.7484635028157602
2.4677839436978553,0.11661060306963801,11.45247223082432,0.6164603297156503,86.56105863564771,0.8054245251584496
2.147826597290935,0.06499175577673183,3.2156282108496503,0.3059523642448204,73.231702867362,0.8301788456194455
1.3813651350752973,0.036833396959232864,9.243305402061328,0.6985068583057559,75.8032023936037,0.6514288476095076
1.7428875112661057,0.12007585940875831,7.45499369483565,0.6868170982851692,81.90269652483538,0.7190512192108275
1.036937144264403,0.042158937840403185,5.64549835694257,0.31765702401053514,78.00006242744341,0.8113937756447617
1.2261150052653476,0.2177484176270007,17.18095011953734,0.4933311133921315,96.26024074558705,0.7357225694906953
1.3086636603046962,0.21729893212810225,17.437865773768745,0.2794181202247257,86.0359616588078,0.6192087445579144
1.7140289343596853,0.078030810048736,5.567142831354447,0.7117557089142071,78.23269639318633,0.7508402636411329
1.9746511131687907,0.038767210950671135,2.7540839006444977,0.6600555506364987,95.18041312357839,0.7464181461436746
1.5686621782158834,0.014354889962106902,11.22574584936438,0.32058528514541196,71.38656256772285,0.7223886510049979
1.731139030563921,0.0164383155607859,9.539466202071846,0.543158257515624,89.71072612388137,0.5734939388541695
1.4290656958965726,0.14317132831180052,9.49450591379643,0.6019464401388861,92.81325459786508,0.694265868657551
1.1791289540157288,0.05862838228432889,13.574796902316708,0.2496437306422859,85.51915752011128,0.4800804019052918
0.7261438103605118,0.136649187810758,10.201347950254792,0.2821248366969501,51.15479945594278,1.3677318980433097
0.9036037314527288,0.12684347602482346,13.345192354760513,0.5108935706170757,95.99639907104319,1.271315005373519
1.8952177630487523,0.27111325556976357,18.042548597646512,1.0426170055001198,76.55389955149315,0.33836507916861497
1.166832744518752,0.14601143936851307,9.77734161626531,0.9469922457951431,81.09607179195945,1.0740778029095648
1.6360957529668292,0.2748957444518991,15.39491983682564,0.4347475426565789,76.73638989614608,0.48489591004973004
2.9544742234010353,0.18887711070385854,12.089697856625506,0.5101143562888765,83.73368845128411,0.64042903861322
0.9137602669671072,0.13260631710066345,11.671940003968345,0.8930053137573511,82.11197372010675,0.6756190984898254
1.1982891283949981,0.0772667871497434,15.829205469266372,0.6481744320755007,83.35595679816203,0.7868493568373702
1.8346967999288624,0.03639021171319759,3.8553737342280052,0.6128007237793321,75.32147648286367,0.5451333515452578
0.7552515392717593,0.2595610978098522,25.99417214147532,0.5447467518023936,104.44483454297584,0.7294370525362387
3.5641784610160756,0.06723027762097447,9.302441310002806,0.5566874836745048,72.19422684137064,0.6633895383280416
0.8959093705372116,0.33148547918698557,19.473469263757607,0.2796094207357221,96.97752237420205,0.7194274042217182
0.6870737705630542,0.09893730310215523,11.012479864352947,0.5702226002866243,74.8289457610669,0.8029307757655644
1.1958494409452658,0.06682911008482048,7.159653215907939,0.8703392797977041,85.08405504843796,0.8376110195026042
1.6465988980128556,0.06682000099903619,12.794362605734804,0.8447133552102197,74.61190987992492,0.6575157757869333
0.6049069127409351,0.026838095532727476,12.39005843682899,0.7409187105017483,71.7343173160645,0.8409801522783089
3.3850680291926225,0.1564013857174603,11.695210836481841,0.1854939698355333,65.32854652533543,0.7661726827220076
2.4750684955708393,0.17570260288795703,15.334538486663597,0.10266327494640368,79.28074511265334,0.7765915987270319
2.1959323422984607,0.1913502520901429,8.158893285369535,0.0977740253939133,88.41115482935687,1.030067024592234
2.4459074815292934,0.16246184499317412,12.946592735775134,0.08034330836346748,88.95143577316895,1.0207428882798126
1.4816504501603331,0.054091865526940626,12.323898621178287,0.1258239251423715,97.6587113796537,0.6341630515219128
2.3613410471841676,0.18439222260170166,22.453351759389772,0.05278728717519732,95.96240466947152,0.8033968035056865
1.6948697700684046,0.2762840627184898,9.554265827065723,0.1112719522691577,96.7414515157976,0.4983372380641416
2.669824986966168,0.2576696239270175,15.969658478152194,0.021044423043530127,85.65158336114999,0.5194782187037982
1.1167462047178818,0.10908826222343088,8.674803321738375,0.0008487462683471052,96.78588547333044,0.40431706087855035
2.7064419094945387,0.22821413956139622,11.079271083788386,0.21322879729389463,81.4988491479477,1.1007859636343604
2.310918809854534,0.12418301367831179,11.466127576601465,0.2293524991110636,77.63501166542673,0.8756888831339376
1.9322775415456632,0.15211171722831338,20.48474018867826,0.12910335708839873,79.17259562112245,0.805464427434926
1.4890226340456771,0.18641406649665773,23.664935673934284,0.056145048742613085,106.82725277410776,0.6974519270383718
1.1662539413437678,0.01689607394176254,4.884175376953534,0.27163914706627207,69.54058673842077,0.5753513023072946
1.8056365795384912,0.036790228613544106,4.802961606335933,0.46540323634868896,108.03241204309663,0.573386120696765
3.0964624801208083,0.11951377036181465,18.365556741163942,0.3013867456307543,57.63358039224197,0.5571343066656238
1.0392818868662947,0.24424643429656,10.453858817977949,0.1935377883339861,112.36662308032123,0.88337270871858
1.0960801649551997,0.23043122640291425,15.790225426839223,0.21709514104051156,92.23948192381557,0.8784510331458356
0.908100939805282,0.2205334816538257,9.788026790081709,0.08060070134319879,88.54360767141378,0.7471835415212638
1.780232498247097,0.3099087229861359,15.372050670701991,0.2451162270713338,78.6497615721622,0.6720767588124867
0.8209575474857075,0.34597439434457655,10.006312822571317,0.5024460543358188,89.91531997912948,0.741815530874738
2.0641444947274366,0.3334006060783811,15.362374214524388,0.06863381385034917,93.2954121201073,0.5926881147198315
1.5917620243930903,0.25728603859796145,20.350122349922373,0.03200880630010786,93.41972161968874,0.5893617996556124
1.679277753423476,0.17056611376151104,16.73633656055906,0.07871604576716487,66.74944605197783,0.8211657131963683
2.7614745868675667,0.09085467164413782,11.297797577348437,0.14890706542941784,52.877165162901996,0.639433362134079
2.6176336627990495,0.08268286848042944,6.066222900789367,0.10699846350351343,70.22299569649829,0.6922121186405241
0.9109822205953222,0.005703956032803535,19.81451579087779,0.6651740691651126,100.18661874989043,0.6422094736334194
1.0048125388605107,0.0420229704407858,2.776282051463385,0.3728808077819861,55.39780982639412,0.640857798939131
1.2027521615158763,0.09127319632056677,2.9741877199808058,0.621478698656291,53.94687004845719,0.9727228077834094
1.2126119631958958,0.1869374650586762,21.591489780073495,0.4574615207799093,108.97892042839199,0.8102603404942058
1.6773084317548737,0.0052791822609737455,2.672958365238423,1.1211590117614305,73.09720164404922,0.6291051332639339
2.660357750471818,0.21100142424315774,6.0241193594916895,1.529705224701751,111.20872025527959,0.7412742012045705
2.926682922298729,0.1405448634186583,3.4341692045772008,0.653813087192011,91.63315863465155,0.8038638935375542
1.9491521543113737,0.09196704103226663,10.745101719280825,0.7977664517537975,94.7387247822507,0.6978221636192521
1.6866942327729058,0.2212099636052448,8.76597692077743,0.4331588266047047,71.22117918314709,0.6909950592932953
1.6747450148309597,0.14576488465053777,6.479011996207159,0.3680573701433017,70.31417542383707,0.5527588205233519
1.5510128580856235,0.08241261365647423,23.467547324137335,0.8166349323134351,68.76041422551631,0.8025805475809811
2.0284081956138627,0.012296267319686647,14.154013505579542,0.3346421494611168,79.77210112224022,0.5156540997454158
0.7658871925645785,0.17225098849236178,16.778959360696263,0.5532904789661349,100.94997740546572,0.4532033538731622
